"DESCRIPTION","DURATION IN MS","NAME","PARENT SUITE","START TIME","STATUS","STOP TIME","SUB SUITE","SUITE","TEST CLASS","TEST METHOD"
"","13239","Update price to 0 — bad request","sales-portal-api","Wed Dec 31 13:47:44 UTC 2025","passed","Wed Dec 31 13:47:57 UTC 2025","[API][Products] > [Should NOT update product]","","",""
"","1543","Create customer with with upper-case city","sales-portal-api","Wed Dec 31 13:39:48 UTC 2025","passed","Wed Dec 31 13:39:50 UTC 2025","[API][Customers][Create Customer] > Positive DDT","","",""
"","9984","Should NOT update manager with non-existing orderId","sales-portal-api","Wed Dec 31 13:40:47 UTC 2025","passed","Wed Dec 31 13:40:57 UTC 2025","[API][Orders][Assign/Unassign Manager - Negative DDT] > Order in Draft status","","",""
"","3541","Update street with empty string — bad request","sales-portal-api","Wed Dec 31 13:40:25 UTC 2025","passed","Wed Dec 31 13:40:29 UTC 2025","[API][Customers] > [Should NOT update customer]","","",""
"","3064","Update full customer data","sales-portal-api","Wed Dec 31 13:40:23 UTC 2025","passed","Wed Dec 31 13:40:26 UTC 2025","[API][Customers] > [Update customer]","","",""
"","1501","Create customer with 1 character length in street","sales-portal-api","Wed Dec 31 13:39:50 UTC 2025","passed","Wed Dec 31 13:39:52 UTC 2025","[API][Customers][Create Customer] > Positive DDT","","",""
"","18521","Delete first comment","sales-portal-ui","Wed Dec 31 13:50:09 UTC 2025","passed","Wed Dec 31 13:50:27 UTC 2025","[UI][Orders][Comments] > Delete","","",""
"","17483","Order status transition from Received to In Process","sales-portal-api","Wed Dec 31 13:44:03 UTC 2025","passed","Wed Dec 31 13:44:20 UTC 2025","[API][Orders][Negative Orders statuses transition]","","",""
"","1519","Create customer with 20 characters length in phone","sales-portal-api","Wed Dec 31 13:39:50 UTC 2025","passed","Wed Dec 31 13:39:52 UTC 2025","[API][Customers][Create Customer] > Positive DDT","","",""
"","13956","Should NOT update manager with non-existing managerId","sales-portal-api","Wed Dec 31 13:41:20 UTC 2025","passed","Wed Dec 31 13:41:34 UTC 2025","[API][Orders][Assign/Unassign Manager - Negative DDT] > Order in In Process status","","",""
"","13855","Attempt to update product name with existing one returns error","sales-portal-api","Wed Dec 31 13:49:00 UTC 2025","passed","Wed Dec 31 13:49:14 UTC 2025","[API][Products] > Should NOT update with existing name","","",""
"","8209","Should display mocked products in products dropdown","sales-portal-ui","Wed Dec 31 13:49:35 UTC 2025","passed","Wed Dec 31 13:49:44 UTC 2025","[Integration] [Orders]","","",""
"","3713","Update flat with 10000 — bad request","sales-portal-api","Wed Dec 31 13:40:39 UTC 2025","passed","Wed Dec 31 13:40:43 UTC 2025","[API][Customers] > [Should NOT update customer]","","",""
"","3117","Update customer name with mixed case","sales-portal-api","Wed Dec 31 13:40:12 UTC 2025","passed","Wed Dec 31 13:40:16 UTC 2025","[API][Customers] > [Update customer]","","",""
"","21237","Order status transition from Partially Received to In Process","sales-portal-api","Wed Dec 31 13:43:13 UTC 2025","passed","Wed Dec 31 13:43:34 UTC 2025","[API][Orders][Negative Orders statuses transition]","","",""
"","2381","41 character name product not created","sales-portal-api","Wed Dec 31 13:47:05 UTC 2025","passed","Wed Dec 31 13:47:08 UTC 2025","[API][Products] > [Should NOT create product]","","",""
"","17991","Order status transition from Draft with delivery to In Process","sales-portal-api","Wed Dec 31 13:43:07 UTC 2025","passed","Wed Dec 31 13:43:25 UTC 2025","[API][Orders][Positive Orders statuses transition]","","",""
"","20545","Fully received order shows correct status and hides receiving controls","sales-portal-ui","Wed Dec 31 13:53:44 UTC 2025","passed","Wed Dec 31 13:54:04 UTC 2025","[UI][Orders][Receive All Products]","","",""
"","43573","Partially received order allows receiving remaining","sales-portal-ui","Wed Dec 31 13:54:05 UTC 2025","passed","Wed Dec 31 13:54:48 UTC 2025","[UI][Orders][Receive Partial Products]","","",""
"","6824","Create product with 999 amount","sales-portal-api","Wed Dec 31 13:46:30 UTC 2025","passed","Wed Dec 31 13:46:37 UTC 2025","[API][Products] > [Create product]","","",""
"","409","Unicode characters in city [15]","sales-portal-api","Wed Dec 31 13:42:53 UTC 2025","passed","Wed Dec 31 13:42:53 UTC 2025","[API][Orders][Delivery] > [Add Delivery Info] > [Should NOT add Delivery Info]","","",""
"","10480","Update product name with 1 space","sales-portal-api","Wed Dec 31 13:47:34 UTC 2025","passed","Wed Dec 31 13:47:44 UTC 2025","[API][Products] > [Update product]","","",""
"","11988","Assign manager to order","sales-portal-api","Wed Dec 31 13:40:43 UTC 2025","passed","Wed Dec 31 13:40:55 UTC 2025","[API][Orders][Manager assignment flow] > Order in Received status","","",""
"","8398","Should display message when response status 500","sales-portal-ui","Wed Dec 31 13:49:31 UTC 2025","passed","Wed Dec 31 13:49:40 UTC 2025","[Integration] [Orders]","","",""
"","26460","Processing: receive 1 product (becomes Partially Received)","sales-portal-api","Wed Dec 31 13:43:54 UTC 2025","passed","Wed Dec 31 13:44:20 UTC 2025","[API][Orders][Receive] > [Positive][Receive order]","","",""
"","1474","Empty comment is rejected","sales-portal-api","Wed Dec 31 13:42:06 UTC 2025","passed","Wed Dec 31 13:42:07 UTC 2025","[API][Orders][Comment] > Not create","","",""
"","13332","CST-003: GET /api/customers?country Filter customers by USA","sales-portal-api","Wed Dec 31 13:39:52 UTC 2025","passed","Wed Dec 31 13:40:05 UTC 2025","CST-003 Get customers list (Filter by Country)","","",""
"","19620","Create order with product quantity = 5 (max)","sales-portal-api","Wed Dec 31 13:42:21 UTC 2025","passed","Wed Dec 31 13:42:41 UTC 2025","[API][Orders][Create Order] > Positive DDT","","",""
"","11176","Update amount with non-integer — bad request","sales-portal-api","Wed Dec 31 13:47:46 UTC 2025","passed","Wed Dec 31 13:47:57 UTC 2025","[API][Products] > [Should NOT update product]","","",""
"","17444","Should NOT assign manager with non-existing managerId","sales-portal-api","Wed Dec 31 13:40:55 UTC 2025","passed","Wed Dec 31 13:41:12 UTC 2025","[API][Orders][Assign/Unassign Manager - Negative DDT] > Order in Partially Received status","","",""
"","1687","Create customer with 1 character length in name","sales-portal-api","Wed Dec 31 13:39:44 UTC 2025","passed","Wed Dec 31 13:39:46 UTC 2025","[API][Customers][Create Customer] > Positive DDT","","",""
"","11945","Update price to 100000 — bad request","sales-portal-api","Wed Dec 31 13:47:57 UTC 2025","passed","Wed Dec 31 13:48:09 UTC 2025","[API][Products] > [Should NOT update product]","","",""
"","17064","Remove manager from order","sales-portal-api","Wed Dec 31 13:41:08 UTC 2025","passed","Wed Dec 31 13:41:25 UTC 2025","[API][Orders][Manager assignment flow] > Order in Received status","","",""
"","3175","Update with empty email — bad request","sales-portal-api","Wed Dec 31 13:40:29 UTC 2025","passed","Wed Dec 31 13:40:32 UTC 2025","[API][Customers] > [Should NOT update customer]","","",""
"","16325","Should NOT unassign manager from order with non-existing orderId","sales-portal-api","Wed Dec 31 13:42:13 UTC 2025","passed","Wed Dec 31 13:42:29 UTC 2025","[API][Orders][Assign/Unassign Manager - Negative DDT] > Order in Partially Received status","","",""
"","15440","Should NOT assign manager with non-existing orderId","sales-portal-api","Wed Dec 31 13:41:39 UTC 2025","passed","Wed Dec 31 13:41:55 UTC 2025","[API][Orders][Assign/Unassign Manager - Negative DDT] > Order in Partially Received status","","",""
"","27854","Got notification on Draft to Received status change","sales-portal-api","Wed Dec 31 13:42:57 UTC 2025","passed","Wed Dec 31 13:43:25 UTC 2025","[API][Orders][Notifications]","","",""
"","13185","CST-003: GET /api/customers?country Filter customers by Germany","sales-portal-api","Wed Dec 31 13:39:54 UTC 2025","passed","Wed Dec 31 13:40:07 UTC 2025","CST-003 Get customers list (Filter by Country)","","",""
"","10475","Update amount to negative — bad request","sales-portal-api","Wed Dec 31 13:47:25 UTC 2025","passed","Wed Dec 31 13:47:36 UTC 2025","[API][Products] > [Should NOT update product]","","",""
"","7675","Should display message when response status 400","sales-portal-ui","Wed Dec 31 13:49:29 UTC 2025","passed","Wed Dec 31 13:49:37 UTC 2025","[Integration] [Orders]","","",""
"","3189","Update name with empty string — bad request","sales-portal-api","Wed Dec 31 13:40:26 UTC 2025","passed","Wed Dec 31 13:40:29 UTC 2025","[API][Customers] > [Should NOT update customer]","","",""
"","15871","Comment with 251 characters should show error","sales-portal-ui","Wed Dec 31 13:49:53 UTC 2025","passed","Wed Dec 31 13:50:08 UTC 2025","[UI][Orders][Comments] > Not create","","",""
"","1754","Successfully set pickup condition [1]","sales-portal-api","Wed Dec 31 13:42:41 UTC 2025","passed","Wed Dec 31 13:42:43 UTC 2025","[API][Orders][Delivery] > [Add Delivery Info]","","",""
"","11018","Should NOT update manager with non-existing orderId","sales-portal-api","Wed Dec 31 13:42:01 UTC 2025","passed","Wed Dec 31 13:42:12 UTC 2025","[API][Orders][Assign/Unassign Manager - Negative DDT] > Order in Canceled status","","",""
"","10444","Update name with double spaces — bad request","sales-portal-api","Wed Dec 31 13:47:23 UTC 2025","passed","Wed Dec 31 13:47:33 UTC 2025","[API][Products] > [Should NOT update product]","","",""
"","9308","Order status transition from Draft to","sales-portal-api","Wed Dec 31 13:43:56 UTC 2025","passed","Wed Dec 31 13:44:05 UTC 2025","[API][Orders][Invalid Orders statuses]","","",""
"","13410","Should NOT update manager with non-existing orderId","sales-portal-api","Wed Dec 31 13:40:55 UTC 2025","passed","Wed Dec 31 13:41:08 UTC 2025","[API][Orders][Assign/Unassign Manager - Negative DDT] > Order in Received status","","",""
"","3086","Update city with empty string — bad request","sales-portal-api","Wed Dec 31 13:40:19 UTC 2025","passed","Wed Dec 31 13:40:22 UTC 2025","[API][Customers] > [Should NOT update customer]","","",""
"","15321","Order status transition from Partially Received to Canceled","sales-portal-api","Wed Dec 31 13:43:35 UTC 2025","passed","Wed Dec 31 13:43:51 UTC 2025","[API][Orders][Negative Orders statuses transition]","","",""
"","2096","Notes with < or > symbols product not created","sales-portal-api","Wed Dec 31 13:46:37 UTC 2025","passed","Wed Dec 31 13:46:39 UTC 2025","[API][Products] > [Should NOT create product]","","",""
"","10637","Should NOT open create order modal with no customers","sales-portal-ui","Wed Dec 31 13:49:20 UTC 2025","passed","Wed Dec 31 13:49:31 UTC 2025","[Integration] [Orders]","","",""
"","13301","CST-003: GET /api/customers?country Filter customers by Canada","sales-portal-api","Wed Dec 31 13:39:52 UTC 2025","passed","Wed Dec 31 13:40:05 UTC 2025","CST-003 Get customers list (Filter by Country)","","",""
"","41472","Create order with 5 product","sales-portal-ui","Wed Dec 31 13:50:15 UTC 2025","passed","Wed Dec 31 13:50:57 UTC 2025","[UI][Orders][Create Order]","","",""
"","6724","Should get product by valid id","sales-portal-api","Wed Dec 31 13:46:59 UTC 2025","passed","Wed Dec 31 13:47:05 UTC 2025","[API] [Sales Portal] [Products] [Get By Id] > [Positive]","","",""
"","13078","Should NOT assign manager with non-existing managerId","sales-portal-api","Wed Dec 31 13:41:07 UTC 2025","passed","Wed Dec 31 13:41:20 UTC 2025","[API][Orders][Assign/Unassign Manager - Negative DDT] > Order in In Process status","","",""
"","11044","Should NOT assign manager with non-existing orderId","sales-portal-api","Wed Dec 31 13:41:50 UTC 2025","passed","Wed Dec 31 13:42:01 UTC 2025","[API][Orders][Assign/Unassign Manager - Negative DDT] > Order in Canceled status","","",""
"","12054","Remove manager from order","sales-portal-api","Wed Dec 31 13:41:50 UTC 2025","passed","Wed Dec 31 13:42:02 UTC 2025","[API][Orders][Manager assignment flow] > Order in Canceled status","","",""
"","1576","Create customer with with upper-case name","sales-portal-api","Wed Dec 31 13:39:49 UTC 2025","passed","Wed Dec 31 13:39:50 UTC 2025","[API][Customers][Create Customer] > Positive DDT","","",""
"","20518","Delete all comments one by one","sales-portal-ui","Wed Dec 31 13:50:09 UTC 2025","passed","Wed Dec 31 13:50:29 UTC 2025","[UI][Orders][Comments] > Delete","","",""
"","136","404 returned for non-existing id of valid format","sales-portal-api","Wed Dec 31 13:42:53 UTC 2025","passed","Wed Dec 31 13:42:53 UTC 2025","[API] [Sales Portal] [Orders] [Get By Id] > [Negative]","","",""
"","21125","Should close modal whith close button","sales-portal-ui","Wed Dec 31 13:50:30 UTC 2025","passed","Wed Dec 31 13:50:51 UTC 2025","[UI][Orders][Create Order]","","",""
"","8387","Create product with 1 space in name","sales-portal-api","Wed Dec 31 13:46:41 UTC 2025","passed","Wed Dec 31 13:46:49 UTC 2025","[API][Products] > [Create product]","","",""
"","2124","1000 amount product not created","sales-portal-api","Wed Dec 31 13:46:41 UTC 2025","passed","Wed Dec 31 13:46:43 UTC 2025","[API][Products] > [Should NOT create product]","","",""
"","11475","Should NOT assign manager with non-existing orderId","sales-portal-api","Wed Dec 31 13:41:34 UTC 2025","passed","Wed Dec 31 13:41:46 UTC 2025","[API][Orders][Assign/Unassign Manager - Negative DDT] > Order in In Process status","","",""
"","1721","Create customer with upper-case street","sales-portal-api","Wed Dec 31 13:39:47 UTC 2025","passed","Wed Dec 31 13:39:49 UTC 2025","[API][Customers][Create Customer] > Positive DDT","","",""
"","29560","Partially Received => Received after Refresh","sales-portal-ui","Wed Dec 31 13:54:59 UTC 2025","passed","Wed Dec 31 13:55:28 UTC 2025","[UI][Orders][Refresh]","","",""
"","38151","Processing => Received after Refresh","sales-portal-ui","Wed Dec 31 13:54:37 UTC 2025","passed","Wed Dec 31 13:55:15 UTC 2025","[UI][Orders][Refresh]","","",""
"","10823","Order status transition from In Process to Draft","sales-portal-api","Wed Dec 31 13:44:26 UTC 2025","passed","Wed Dec 31 13:44:37 UTC 2025","[API][Orders][Negative Orders statuses transition]","","",""
"","8759","Delete product","sales-portal-api","Wed Dec 31 13:46:59 UTC 2025","failed","Wed Dec 31 13:47:08 UTC 2025","[API][Products] > [Delete Product]","","",""
"","7875","404 returned for non-existing id of valid format","sales-portal-api","Wed Dec 31 13:48:22 UTC 2025","failed","Wed Dec 31 13:48:30 UTC 2025","[API][Products] > [Should NOT find product to update]","","",""
"","18100","Should NOT update manager with non-existing orderId","sales-portal-api","Wed Dec 31 13:41:55 UTC 2025","passed","Wed Dec 31 13:42:13 UTC 2025","[API][Orders][Assign/Unassign Manager - Negative DDT] > Order in Partially Received status","","",""
"","175","500 returned for id of invalid format","sales-portal-api","Wed Dec 31 13:47:14 UTC 2025","failed","Wed Dec 31 13:47:14 UTC 2025","[API] [Sales Portal] [Products] [Get By Id] > [Negative]","","",""
"","2600","Name with special characters product not created","sales-portal-api","Wed Dec 31 13:46:32 UTC 2025","passed","Wed Dec 31 13:46:35 UTC 2025","[API][Products] > [Should NOT create product]","","",""
"","41506","Partially received order can be finished to Received","sales-portal-ui","Wed Dec 31 13:54:05 UTC 2025","passed","Wed Dec 31 13:54:46 UTC 2025","[UI][Orders][Receive Partial Products]","","",""
"","1887","Should get customer by valid id","sales-portal-api","Wed Dec 31 13:39:52 UTC 2025","passed","Wed Dec 31 13:39:53 UTC 2025","[API] [Sales Portal] [Customers] [Get By Id] > [Positive]","","",""
"","1616","Create customer with 20 characters length in city","sales-portal-api","Wed Dec 31 13:39:47 UTC 2025","passed","Wed Dec 31 13:39:48 UTC 2025","[API][Customers][Create Customer] > Positive DDT","","",""
"","149","Missing finalDate field [0]","sales-portal-api","Wed Dec 31 13:42:33 UTC 2025","passed","Wed Dec 31 13:42:33 UTC 2025","[API][Orders][Delivery] > [Add Delivery Info] > [Should NOT add Delivery Info]","","",""
"","8566","Should NOT open create order modal with customers/all 401 error","sales-portal-ui","Wed Dec 31 13:49:20 UTC 2025","passed","Wed Dec 31 13:49:28 UTC 2025","[Integration] [Orders]","","",""
"","359","Missing address field [2]","sales-portal-api","Wed Dec 31 13:42:43 UTC 2025","passed","Wed Dec 31 13:42:43 UTC 2025","[API][Orders][Delivery] > [Add Delivery Info] > [Should NOT add Delivery Info]","","",""
"","14985","Should NOT update manager with non-existing orderId","sales-portal-api","Wed Dec 31 13:41:46 UTC 2025","passed","Wed Dec 31 13:42:01 UTC 2025","[API][Orders][Assign/Unassign Manager - Negative DDT] > Order in In Process status","","",""
"","12013","Update notes to 251 characters — bad request","sales-portal-api","Wed Dec 31 13:47:57 UTC 2025","passed","Wed Dec 31 13:48:09 UTC 2025","[API][Products] > [Should NOT update product]","","",""
"","33304","Should NOT receive products: Invalid product id: UUID string","sales-portal-api","Wed Dec 31 13:45:28 UTC 2025","passed","Wed Dec 31 13:46:01 UTC 2025","[API][Orders][Receive] > [Negative][Invalid request body]","","",""
"","11104","500 returned on invalid ObjectId format for order","sales-portal-api","Wed Dec 31 13:46:22 UTC 2025","passed","Wed Dec 31 13:46:33 UTC 2025","[API][Orders] > [Should NOT update order]","","",""
"","26188","Canceled: reopen visible, cancel/process hidden","sales-portal-ui","Wed Dec 31 13:52:53 UTC 2025","passed","Wed Dec 31 13:53:19 UTC 2025","[UI][Orders][Order Details]","","",""
"","18431","In Process order hides process button and shows receiving","sales-portal-ui","Wed Dec 31 13:53:33 UTC 2025","passed","Wed Dec 31 13:53:51 UTC 2025","[UI][Orders][Processing]","","",""
"","48397","Should NOT receive products: More than 5 products in request","sales-portal-api","Wed Dec 31 13:44:40 UTC 2025","passed","Wed Dec 31 13:45:28 UTC 2025","[API][Orders][Receive] > [Negative][Invalid request body]","","",""
"","5839","Create product with 40 character length in name","sales-portal-api","Wed Dec 31 13:46:35 UTC 2025","passed","Wed Dec 31 13:46:41 UTC 2025","[API][Products] > [Create product]","","",""
"","26017","Draft order with delivery: can process","sales-portal-ui","Wed Dec 31 13:52:37 UTC 2025","passed","Wed Dec 31 13:53:03 UTC 2025","[UI][Orders][Order Details]","","",""
"","34657","Check remove product from order before creation","sales-portal-ui","Wed Dec 31 13:50:27 UTC 2025","passed","Wed Dec 31 13:51:02 UTC 2025","[UI][Orders][Create Order]","","",""
"","315","Not integer price product not created","sales-portal-api","Wed Dec 31 13:46:38 UTC 2025","passed","Wed Dec 31 13:46:39 UTC 2025","[API][Products] > [Should NOT create product]","","",""
"","47934","CSV => default pre-selected","sales-portal-ui","Wed Dec 31 13:52:22 UTC 2025","broken","Wed Dec 31 13:53:10 UTC 2025","[UI][Orders][Export]","","",""
"","229","Zero flat number [8]","sales-portal-api","Wed Dec 31 13:42:44 UTC 2025","passed","Wed Dec 31 13:42:44 UTC 2025","[API][Orders][Delivery] > [Add Delivery Info] > [Should NOT add Delivery Info]","","",""
"","328","Not integer amount product not created","sales-portal-api","Wed Dec 31 13:46:33 UTC 2025","passed","Wed Dec 31 13:46:34 UTC 2025","[API][Products] > [Should NOT create product]","","",""
"","519","Successfully update with future date [2]","sales-portal-api","Wed Dec 31 13:42:43 UTC 2025","passed","Wed Dec 31 13:42:44 UTC 2025","[API][Orders][Delivery] > [Add Delivery Info]","","",""
"","37722","Draft => Canceled after Refresh","sales-portal-ui","Wed Dec 31 13:54:29 UTC 2025","passed","Wed Dec 31 13:55:06 UTC 2025","[UI][Orders][Refresh]","","",""
"","19180","Should close modal whith cancel button","sales-portal-ui","Wed Dec 31 13:50:27 UTC 2025","passed","Wed Dec 31 13:50:47 UTC 2025","[UI][Orders][Create Order]","","",""
"","116","401 returned for request without token","sales-portal-api","Wed Dec 31 13:46:56 UTC 2025","passed","Wed Dec 31 13:46:56 UTC 2025","[API] [Sales Portal] [Products] [Get All] > [Negative]","","",""
"","39676","Processing => Partially Received after Refresh","sales-portal-ui","Wed Dec 31 13:54:18 UTC 2025","passed","Wed Dec 31 13:54:58 UTC 2025","[UI][Orders][Refresh]","","",""
"","11906","Draft order without delivery: header buttons and pencils","sales-portal-ui","Wed Dec 31 13:52:25 UTC 2025","passed","Wed Dec 31 13:52:36 UTC 2025","[UI][Orders][Order Details]","","",""
"","26950","Should NOT update manager with non-existing managerId","sales-portal-api","Wed Dec 31 13:41:12 UTC 2025","passed","Wed Dec 31 13:41:39 UTC 2025","[API][Orders][Assign/Unassign Manager - Negative DDT] > Order in Partially Received status","","",""
"","7463","Delete order with product quantity = 1 (min)","sales-portal-api","Wed Dec 31 13:42:24 UTC 2025","passed","Wed Dec 31 13:42:32 UTC 2025","[API][Orders][Delete Order]","","",""
"","10232","Update product name to 3 characters","sales-portal-api","Wed Dec 31 13:47:10 UTC 2025","passed","Wed Dec 31 13:47:20 UTC 2025","[API][Products] > [Update product]","","",""
"","13860","CST-003: GET /api/customers?country Filter customers by Ukraine","sales-portal-api","Wed Dec 31 13:39:52 UTC 2025","passed","Wed Dec 31 13:40:06 UTC 2025","CST-003 Get customers list (Filter by Country)","","",""
"","11955","Should NOT receive products: Received status (already fully received)","sales-portal-api","Wed Dec 31 13:44:28 UTC 2025","passed","Wed Dec 31 13:44:40 UTC 2025","[API][Orders][Receive] > [Negative][Incorrect order status to receive]","","",""
"","20482","Pickup: schedule with country = Canada","sales-portal-ui","Wed Dec 31 13:51:27 UTC 2025","passed","Wed Dec 31 13:51:48 UTC 2025","[Create/edit delivery] > DDT - Schedule first delivery (Pickup)","","",""
"","2835","Should NOT create customer with existing email","sales-portal-api","Wed Dec 31 13:39:49 UTC 2025","passed","Wed Dec 31 13:39:51 UTC 2025","[API][Customers][Create Customer] > Unique email","","",""
"","18540","Delete last comment","sales-portal-ui","Wed Dec 31 13:50:09 UTC 2025","passed","Wed Dec 31 13:50:27 UTC 2025","[UI][Orders][Comments] > Delete","","",""
"","11231","ORD-PUT-001: Successful products update recalculates total_price","sales-portal-api","Wed Dec 31 13:45:28 UTC 2025","passed","Wed Dec 31 13:45:39 UTC 2025","[API][Orders] > [Update order]","","",""
"","1609","Create customer with 1 character length in flat","sales-portal-api","Wed Dec 31 13:39:44 UTC 2025","passed","Wed Dec 31 13:39:46 UTC 2025","[API][Customers][Create Customer] > Positive DDT","","",""
"","3232","Update notes to 250 characters","sales-portal-api","Wed Dec 31 13:40:16 UTC 2025","passed","Wed Dec 31 13:40:20 UTC 2025","[API][Customers] > [Update customer]","","",""
"","9154","Should NOT change order status with non-existing orderId","sales-portal-api","Wed Dec 31 13:43:45 UTC 2025","passed","Wed Dec 31 13:43:54 UTC 2025","[API][Orders][Invalid Orders statuses]","","",""
"","6089","Create product with 1 price","sales-portal-api","Wed Dec 31 13:46:49 UTC 2025","passed","Wed Dec 31 13:46:55 UTC 2025","[API][Products] > [Create product]","","",""
"","16045","W/o selected options in checkboxes","sales-portal-ui","Wed Dec 31 13:50:57 UTC 2025","passed","Wed Dec 31 13:51:13 UTC 2025","[UI][Orders][Export]","","",""
"","299","Comment with '<' is rejected","sales-portal-api","Wed Dec 31 13:42:19 UTC 2025","failed","Wed Dec 31 13:42:19 UTC 2025","[API][Orders][Comment] > Not create","","",""
"","28297","Order status transition from Partially Received to Draft","sales-portal-api","Wed Dec 31 13:44:38 UTC 2025","passed","Wed Dec 31 13:45:07 UTC 2025","[API][Orders][Negative Orders statuses transition]","","",""
"","212","Exeeded Max house number (>999) [13]","sales-portal-api","Wed Dec 31 13:42:53 UTC 2025","passed","Wed Dec 31 13:42:53 UTC 2025","[API][Orders][Delivery] > [Add Delivery Info] > [Should NOT add Delivery Info]","","",""
"","1647","Create customer with 1 character length in city","sales-portal-api","Wed Dec 31 13:39:44 UTC 2025","passed","Wed Dec 31 13:39:46 UTC 2025","[API][Customers][Create Customer] > Positive DDT","","",""
"","298","Add 1-char comment","sales-portal-api","Wed Dec 31 13:42:01 UTC 2025","passed","Wed Dec 31 13:42:01 UTC 2025","[API][Orders][Comment] > Create","","",""
"","13221","Update only manufacturer","sales-portal-api","Wed Dec 31 13:47:44 UTC 2025","passed","Wed Dec 31 13:47:57 UTC 2025","[API][Products] > [Update product]","","",""
"","3085","Update phone to valid format","sales-portal-api","Wed Dec 31 13:40:19 UTC 2025","passed","Wed Dec 31 13:40:22 UTC 2025","[API][Customers] > [Update customer]","","",""
"","12164","Order status transition from Canceled to In Process","sales-portal-api","Wed Dec 31 13:43:32 UTC 2025","passed","Wed Dec 31 13:43:45 UTC 2025","[API][Orders][Negative Orders statuses transition]","","",""
"","3274","Update phone with invalid format — bad request","sales-portal-api","Wed Dec 31 13:40:32 UTC 2025","passed","Wed Dec 31 13:40:35 UTC 2025","[API][Customers] > [Should NOT update customer]","","",""
"","4006","Update phone without + sign — bad request","sales-portal-api","Wed Dec 31 13:40:35 UTC 2025","passed","Wed Dec 31 13:40:39 UTC 2025","[API][Customers] > [Should NOT update customer]","","",""
"","22043","Draft with delivery: process via header triggers receiving","sales-portal-ui","Wed Dec 31 13:53:03 UTC 2025","passed","Wed Dec 31 13:53:25 UTC 2025","[UI][Orders][Order Details]","","",""
"","3196","Update house with 1000 — bad request","sales-portal-api","Wed Dec 31 13:40:32 UTC 2025","passed","Wed Dec 31 13:40:35 UTC 2025","[API][Customers] > [Should NOT update customer]","","",""
"","11023","Order status transition from Draft to testStatus","sales-portal-api","Wed Dec 31 13:43:45 UTC 2025","passed","Wed Dec 31 13:43:56 UTC 2025","[API][Orders][Invalid Orders statuses]","","",""
"","1901","404 returned for empty id","sales-portal-api","Wed Dec 31 13:47:15 UTC 2025","failed","Wed Dec 31 13:47:17 UTC 2025","[API] [Sales Portal] [Products] [Get By Id] > [Negative]","","",""
"","7033","Create product with empty notes","sales-portal-api","Wed Dec 31 13:46:51 UTC 2025","passed","Wed Dec 31 13:46:58 UTC 2025","[API][Products] > [Create product]","","",""
"","10402","Update amount to 1000 — bad request","sales-portal-api","Wed Dec 31 13:47:36 UTC 2025","passed","Wed Dec 31 13:47:46 UTC 2025","[API][Products] > [Should NOT update product]","","",""
"","27093","In Process: select all and save receiving marks all received","sales-portal-ui","Wed Dec 31 13:53:05 UTC 2025","passed","Wed Dec 31 13:53:32 UTC 2025","[UI][Orders][Order Details]","","",""
"","3054","Clear notes (empty string)","sales-portal-api","Wed Dec 31 13:40:20 UTC 2025","passed","Wed Dec 31 13:40:23 UTC 2025","[API][Customers] > [Update customer]","","",""
"","43305","Should NOT receive products: Product id with non-existing id","sales-portal-api","Wed Dec 31 13:45:07 UTC 2025","passed","Wed Dec 31 13:45:50 UTC 2025","[API][Orders][Receive] > [Negative][Invalid request body]","","",""
"","6051","Create product with 250 notes","sales-portal-api","Wed Dec 31 13:46:37 UTC 2025","passed","Wed Dec 31 13:46:43 UTC 2025","[API][Products] > [Create product]","","",""
"","4545","Single character city name [3]","sales-portal-api","Wed Dec 31 13:42:44 UTC 2025","passed","Wed Dec 31 13:42:48 UTC 2025","[API][Orders][Delivery] > [Add Delivery Info]","","",""
"","15133","404 returned for non-existing customer","sales-portal-api","Wed Dec 31 13:46:15 UTC 2025","passed","Wed Dec 31 13:46:30 UTC 2025","[API][Orders] > [Should NOT update order]","","",""
"","10466","Clear notes (empty string)","sales-portal-api","Wed Dec 31 13:47:34 UTC 2025","passed","Wed Dec 31 13:47:44 UTC 2025","[API][Products] > [Update product]","","",""
"","14496","Assign manager to order","sales-portal-api","Wed Dec 31 13:41:39 UTC 2025","passed","Wed Dec 31 13:41:54 UTC 2025","[API][Orders][Manager assignment flow] > Order in Partially Received status","","",""
"","9134","Should NOT assign manager with non-existing orderId","sales-portal-api","Wed Dec 31 13:40:37 UTC 2025","passed","Wed Dec 31 13:40:46 UTC 2025","[API][Orders][Assign/Unassign Manager - Negative DDT] > Order in Draft status","","",""
"","3351","Update notes with < or > symbols — bad request","sales-portal-api","Wed Dec 31 13:40:22 UTC 2025","passed","Wed Dec 31 13:40:25 UTC 2025","[API][Customers] > [Should NOT update customer]","","",""
"","15898","Add 250-character comment (max length)","sales-portal-ui","Wed Dec 31 13:49:41 UTC 2025","passed","Wed Dec 31 13:49:57 UTC 2025","[UI][Orders][Comments] > Create","","",""
"","8185","400 returned for id of invalid format","sales-portal-api","Wed Dec 31 13:48:50 UTC 2025","failed","Wed Dec 31 13:48:59 UTC 2025","[API][Products] > [Should NOT find product to update]","","",""
"","10612","Should NOT open create order modal with products/all 500 error","sales-portal-ui","Wed Dec 31 13:49:20 UTC 2025","passed","Wed Dec 31 13:49:31 UTC 2025","[Integration] [Orders]","","",""
"","24893","Delivery + Other location","sales-portal-ui","Wed Dec 31 13:51:02 UTC 2025","passed","Wed Dec 31 13:51:27 UTC 2025","[Create/edit delivery] > DDT - Schedule first delivery (Delivery)","","",""
"","11052","500 returned on invalid ObjectId format for customer","sales-portal-api","Wed Dec 31 13:46:22 UTC 2025","passed","Wed Dec 31 13:46:33 UTC 2025","[API][Orders] > [Should NOT update order]","","",""
"","15875","Comment with '<' symbol should show error","sales-portal-ui","Wed Dec 31 13:49:53 UTC 2025","passed","Wed Dec 31 13:50:08 UTC 2025","[UI][Orders][Comments] > Not create","","",""
"","2116","0 price product not created","sales-portal-api","Wed Dec 31 13:46:37 UTC 2025","passed","Wed Dec 31 13:46:39 UTC 2025","[API][Products] > [Should NOT create product]","","",""
"","14037","Update manager to another manager","sales-portal-api","Wed Dec 31 13:41:08 UTC 2025","passed","Wed Dec 31 13:41:22 UTC 2025","[API][Orders][Manager assignment flow] > Order in In Process status","","",""
"","416","Exceeded Max length city name (>20 chars) [11]","sales-portal-api","Wed Dec 31 13:42:53 UTC 2025","passed","Wed Dec 31 13:42:53 UTC 2025","[API][Orders][Delivery] > [Add Delivery Info] > [Should NOT add Delivery Info]","","",""
"","27775","Should NOT receive products: Empty products array","sales-portal-api","Wed Dec 31 13:44:21 UTC 2025","passed","Wed Dec 31 13:44:48 UTC 2025","[API][Orders][Receive] > [Negative][Invalid request body]","","",""
"","11434","Assign manager to order","sales-portal-api","Wed Dec 31 13:40:57 UTC 2025","passed","Wed Dec 31 13:41:08 UTC 2025","[API][Orders][Manager assignment flow] > Order in In Process status","","",""
"","36755","Receive multiple products but not all","sales-portal-ui","Wed Dec 31 13:53:51 UTC 2025","passed","Wed Dec 31 13:54:28 UTC 2025","[UI][Orders][Receive Partial Products]","","",""
"","1509","Create customer with with upper-case email","sales-portal-api","Wed Dec 31 13:39:50 UTC 2025","passed","Wed Dec 31 13:39:52 UTC 2025","[API][Customers][Create Customer] > Positive DDT","","",""
"","36256","In Process: receiving controls visible","sales-portal-ui","Wed Dec 31 13:52:43 UTC 2025","passed","Wed Dec 31 13:53:19 UTC 2025","[UI][Orders][Order Details]","","",""
"","3451","Update with invalid email format — bad request","sales-portal-api","Wed Dec 31 13:40:25 UTC 2025","passed","Wed Dec 31 13:40:29 UTC 2025","[API][Customers] > [Should NOT update customer]","","",""
"","10515","Update product name to 40 characters","sales-portal-api","Wed Dec 31 13:47:23 UTC 2025","passed","Wed Dec 31 13:47:34 UTC 2025","[API][Products] > [Update product]","","",""
"","11369","Should NOT assign manager with non-existing orderId","sales-portal-api","Wed Dec 31 13:40:43 UTC 2025","passed","Wed Dec 31 13:40:54 UTC 2025","[API][Orders][Assign/Unassign Manager - Negative DDT] > Order in Received status","","",""
"","12384","CST-003: GET /api/customers?country Filter customers by Russia","sales-portal-api","Wed Dec 31 13:40:06 UTC 2025","passed","Wed Dec 31 13:40:18 UTC 2025","CST-003 Get customers list (Filter by Country)","","",""
"","15195","Order status transition from Draft to Draft","sales-portal-api","Wed Dec 31 13:43:13 UTC 2025","passed","Wed Dec 31 13:43:28 UTC 2025","[API][Orders][Negative Orders statuses transition]","","",""
"","13255","CST-003: GET /api/customers?country Filter customers by Great Britain","sales-portal-api","Wed Dec 31 13:40:05 UTC 2025","passed","Wed Dec 31 13:40:18 UTC 2025","CST-003 Get customers list (Filter by Country)","","",""
"","21507","Pickup: edit -> change country to Great Britain","sales-portal-ui","Wed Dec 31 13:52:21 UTC 2025","passed","Wed Dec 31 13:52:43 UTC 2025","[Create/edit delivery] > DDT - Edit delivery (Pickup)","","",""
"","15244","Order status transition from Draft to null","sales-portal-api","Wed Dec 31 13:44:05 UTC 2025","passed","Wed Dec 31 13:44:20 UTC 2025","[API][Orders][Invalid Orders statuses]","","",""
"","32071","Receive part of products - select one","sales-portal-ui","Wed Dec 31 13:53:46 UTC 2025","passed","Wed Dec 31 13:54:18 UTC 2025","[UI][Orders][Receive Partial Products]","","",""
"","9261","Should NOT unassign manager from order with non-existing orderId","sales-portal-api","Wed Dec 31 13:42:12 UTC 2025","passed","Wed Dec 31 13:42:21 UTC 2025","[API][Orders][Assign/Unassign Manager - Negative DDT] > Order in Canceled status","","",""
"","24042","Draft => Processing after Refresh","sales-portal-ui","Wed Dec 31 13:54:12 UTC 2025","passed","Wed Dec 31 13:54:36 UTC 2025","[UI][Orders][Refresh]","","",""
"","426","Add regular sentence with punctuation","sales-portal-api","Wed Dec 31 13:42:05 UTC 2025","passed","Wed Dec 31 13:42:06 UTC 2025","[API][Orders][Comment] > Create","","",""
"","9115","Create product with 0 amount","sales-portal-api","Wed Dec 31 13:47:04 UTC 2025","passed","Wed Dec 31 13:47:13 UTC 2025","[API][Products] > [Create product]","","",""
"","2100","Empty name product not created","sales-portal-api","Wed Dec 31 13:46:35 UTC 2025","passed","Wed Dec 31 13:46:37 UTC 2025","[API][Products] > [Should NOT create product]","","",""
"","10522","Update name with special characters — bad request","sales-portal-api","Wed Dec 31 13:47:33 UTC 2025","passed","Wed Dec 31 13:47:44 UTC 2025","[API][Products] > [Should NOT update product]","","",""
"","18142","Process order on Process Confirmation modal","sales-portal-ui","Wed Dec 31 13:53:14 UTC 2025","passed","Wed Dec 31 13:53:32 UTC 2025","[UI][Orders][Modals]","","",""
"","15919","Order status transition from Canceled to Canceled","sales-portal-api","Wed Dec 31 13:43:16 UTC 2025","passed","Wed Dec 31 13:43:32 UTC 2025","[API][Orders][Negative Orders statuses transition]","","",""
"","237","Negative house number [7]","sales-portal-api","Wed Dec 31 13:43:02 UTC 2025","passed","Wed Dec 31 13:43:02 UTC 2025","[API][Orders][Delivery] > [Add Delivery Info] > [Should NOT add Delivery Info]","","",""
"","131","500 returned for id of invalid format (CastError from backend)","sales-portal-api","Wed Dec 31 13:42:53 UTC 2025","passed","Wed Dec 31 13:42:53 UTC 2025","[API] [Sales Portal] [Orders] [Get By Id] > [Negative]","","",""
"","15056","Add single-character comment","sales-portal-ui","Wed Dec 31 13:49:37 UTC 2025","passed","Wed Dec 31 13:49:52 UTC 2025","[UI][Orders][Comments] > Create","","",""
"","10297","Order status transition from Draft to Canceled","sales-portal-api","Wed Dec 31 13:43:37 UTC 2025","passed","Wed Dec 31 13:43:48 UTC 2025","[API][Orders][Positive Orders statuses transition]","","",""
"","14873","Should NOT receive products: Draft status","sales-portal-api","Wed Dec 31 13:44:12 UTC 2025","passed","Wed Dec 31 13:44:27 UTC 2025","[API][Orders][Receive] > [Negative][Incorrect order status to receive]","","",""
"","120","404 returned for empty id","sales-portal-api","Wed Dec 31 13:46:46 UTC 2025","failed","Wed Dec 31 13:46:46 UTC 2025","[API][Products] > [Should Not Delete Product]","","",""
"","3685","Update city with 21 characters — bad request","sales-portal-api","Wed Dec 31 13:40:39 UTC 2025","passed","Wed Dec 31 13:40:43 UTC 2025","[API][Customers] > [Should NOT update customer]","","",""
"","33503","Delivery + Other location","sales-portal-ui","Wed Dec 31 13:51:13 UTC 2025","passed","Wed Dec 31 13:51:47 UTC 2025","[Create/edit delivery] > DDT - Edit delivery (Delivery)","","",""
"","10591","Order status transition from Received to Canceled","sales-portal-api","Wed Dec 31 13:44:21 UTC 2025","passed","Wed Dec 31 13:44:31 UTC 2025","[API][Orders][Negative Orders statuses transition]","","",""
"","10449","Should NOT update manager with non-existing managerId","sales-portal-api","Wed Dec 31 13:41:39 UTC 2025","passed","Wed Dec 31 13:41:50 UTC 2025","[API][Orders][Assign/Unassign Manager - Negative DDT] > Order in Canceled status","","",""
"","22205","Got notification on Draft to Partially Received status change","sales-portal-api","Wed Dec 31 13:42:53 UTC 2025","passed","Wed Dec 31 13:43:16 UTC 2025","[API][Orders][Notifications]","","",""
"","3079","Update notes with 251 characters — bad request","sales-portal-api","Wed Dec 31 13:40:19 UTC 2025","passed","Wed Dec 31 13:40:22 UTC 2025","[API][Customers] > [Should NOT update customer]","","",""
"","225","Exceeded Max length street name (>40 chars) [12]","sales-portal-api","Wed Dec 31 13:42:48 UTC 2025","passed","Wed Dec 31 13:42:48 UTC 2025","[API][Orders][Delivery] > [Add Delivery Info] > [Should NOT add Delivery Info]","","",""
"","15130","401 returned without token","sales-portal-api","Wed Dec 31 13:46:15 UTC 2025","passed","Wed Dec 31 13:46:30 UTC 2025","[API][Orders] > [Should NOT update order]","","",""
"","421","Empty city [9]","sales-portal-api","Wed Dec 31 13:42:52 UTC 2025","passed","Wed Dec 31 13:42:52 UTC 2025","[API][Orders][Delivery] > [Add Delivery Info] > [Should NOT add Delivery Info]","","",""
"","435","create storage state for authenticated user","setup","Wed Dec 31 13:49:17 UTC 2025","passed","Wed Dec 31 13:49:18 UTC 2025","","","",""
"","4630","Successfully set delivery info with all required fields [0]","sales-portal-api","Wed Dec 31 13:42:33 UTC 2025","passed","Wed Dec 31 13:42:37 UTC 2025","[API][Orders][Delivery] > [Add Delivery Info]","","",""
"","970","400 returned for id of invalid format","sales-portal-api","Wed Dec 31 13:46:54 UTC 2025","failed","Wed Dec 31 13:46:55 UTC 2025","[API][Products] > [Should Not Delete Product]","","",""
"","10128","Update with 2 character name — bad request","sales-portal-api","Wed Dec 31 13:48:09 UTC 2025","passed","Wed Dec 31 13:48:19 UTC 2025","[API][Products] > [Should NOT update product]","","",""
"","7009","Should NOT open create order modal with customers/all 500 error","sales-portal-ui","Wed Dec 31 13:49:20 UTC 2025","passed","Wed Dec 31 13:49:27 UTC 2025","[Integration] [Orders]","","",""
"","2866","Negative price product not created","sales-portal-api","Wed Dec 31 13:46:35 UTC 2025","passed","Wed Dec 31 13:46:38 UTC 2025","[API][Products] > [Should NOT create product]","","",""
"","20864","Canceled => Draft after Refresh","sales-portal-ui","Wed Dec 31 13:55:07 UTC 2025","passed","Wed Dec 31 13:55:27 UTC 2025","[UI][Orders][Refresh]","","",""
"","3297","Update street with 41 characters — bad request","sales-portal-api","Wed Dec 31 13:40:22 UTC 2025","passed","Wed Dec 31 13:40:25 UTC 2025","[API][Customers] > [Should NOT update customer]","","",""
"","10135","Update price to negative value — bad request","sales-portal-api","Wed Dec 31 13:48:09 UTC 2025","passed","Wed Dec 31 13:48:19 UTC 2025","[API][Products] > [Should NOT update product]","","",""
"","13962","CST-003: GET /api/customers?country Filter customers by Belarus","sales-portal-api","Wed Dec 31 13:39:52 UTC 2025","passed","Wed Dec 31 13:40:06 UTC 2025","CST-003 Get customers list (Filter by Country)","","",""
"","128","Product without amount not created","sales-portal-api","Wed Dec 31 13:46:33 UTC 2025","passed","Wed Dec 31 13:46:33 UTC 2025","[API][Products] > [Should NOT create product]","","",""
"","1699","Create customer with 4 characters length in flat","sales-portal-api","Wed Dec 31 13:39:47 UTC 2025","passed","Wed Dec 31 13:39:49 UTC 2025","[API][Customers][Create Customer] > Positive DDT","","",""
"","4156","Should get order by valid id","sales-portal-api","Wed Dec 31 13:42:48 UTC 2025","passed","Wed Dec 31 13:42:52 UTC 2025","[API] [Sales Portal] [Orders] [Get By Id] > [Positive]","","",""
"","1585","Create customer with 1 character length in house","sales-portal-api","Wed Dec 31 13:39:49 UTC 2025","passed","Wed Dec 31 13:39:50 UTC 2025","[API][Customers][Create Customer] > Positive DDT","","",""
"","313","Too long comment (251) is rejected","sales-portal-api","Wed Dec 31 13:42:12 UTC 2025","passed","Wed Dec 31 13:42:12 UTC 2025","[API][Orders][Comment] > Not create","","",""
"","16064","Update manager to another manager","sales-portal-api","Wed Dec 31 13:41:54 UTC 2025","passed","Wed Dec 31 13:42:10 UTC 2025","[API][Orders][Manager assignment flow] > Order in Partially Received status","","",""
"","36091","Pickup: edit -> change country to Canada","sales-portal-ui","Wed Dec 31 13:51:48 UTC 2025","passed","Wed Dec 31 13:52:24 UTC 2025","[Create/edit delivery] > DDT - Edit delivery (Pickup)","","",""
"","12882","Update amount to maximum (999)","sales-portal-api","Wed Dec 31 13:47:09 UTC 2025","passed","Wed Dec 31 13:47:22 UTC 2025","[API][Products] > [Update product]","","",""
"","9925","Order status transition from Draft to 12345","sales-portal-api","Wed Dec 31 13:43:25 UTC 2025","passed","Wed Dec 31 13:43:35 UTC 2025","[API][Orders][Invalid Orders statuses]","","",""
"","11986","Update full product data","sales-portal-api","Wed Dec 31 13:47:57 UTC 2025","passed","Wed Dec 31 13:48:09 UTC 2025","[API][Products] > [Update product]","","",""
"","30813","Receive all products manually one by one","sales-portal-ui","Wed Dec 31 13:53:41 UTC 2025","passed","Wed Dec 31 13:54:12 UTC 2025","[UI][Orders][Receive All Products]","","",""
"","407","Empty street [10]","sales-portal-api","Wed Dec 31 13:42:52 UTC 2025","passed","Wed Dec 31 13:42:53 UTC 2025","[API][Orders][Delivery] > [Add Delivery Info] > [Should NOT add Delivery Info]","","",""
"","26029","ORD-PUT-004: History entry recorded when order composition changes","sales-portal-api","Wed Dec 31 13:45:39 UTC 2025","passed","Wed Dec 31 13:46:05 UTC 2025","[API][Orders] > [Update order]","","",""
"","13320","Draft order shows edit controls","sales-portal-ui","Wed Dec 31 13:53:33 UTC 2025","passed","Wed Dec 31 13:53:46 UTC 2025","[UI][Orders][Processing]","","",""
"","31194","Should NOT receive products: Invalid product id: date string","sales-portal-api","Wed Dec 31 13:45:50 UTC 2025","passed","Wed Dec 31 13:46:22 UTC 2025","[API][Orders][Receive] > [Negative][Invalid request body]","","",""
"","8191","Should display message when response status 404","sales-portal-ui","Wed Dec 31 13:49:29 UTC 2025","passed","Wed Dec 31 13:49:37 UTC 2025","[Integration] [Orders]","","",""
"","16980","Order status transition from In Process to In Process","sales-portal-api","Wed Dec 31 13:44:08 UTC 2025","failed","Wed Dec 31 13:44:25 UTC 2025","[API][Orders][Negative Orders statuses transition]","","",""
"","355","Past date [6]","sales-portal-api","Wed Dec 31 13:42:56 UTC 2025","failed","Wed Dec 31 13:42:56 UTC 2025","[API][Orders][Delivery] > [Add Delivery Info] > [Should NOT add Delivery Info]","","",""
"","18783","Should return list of all products","sales-portal-api","Wed Dec 31 13:46:50 UTC 2025","passed","Wed Dec 31 13:47:08 UTC 2025","[API] [Sales Portal] [Products] [Get All] > [Positive]","","",""
"","3994","Update flat with negative number — bad request","sales-portal-api","Wed Dec 31 13:40:35 UTC 2025","passed","Wed Dec 31 13:40:39 UTC 2025","[API][Customers] > [Should NOT update customer]","","",""
"","14140","Should NOT update manager with non-existing managerId","sales-portal-api","Wed Dec 31 13:42:43 UTC 2025","passed","Wed Dec 31 13:42:57 UTC 2025","[API][Orders][Assign/Unassign Manager - Negative DDT] > Order in Received status","","",""
"","43512","Should NOT receive products: Invalid product id: negative value string","sales-portal-api","Wed Dec 31 13:45:07 UTC 2025","passed","Wed Dec 31 13:45:50 UTC 2025","[API][Orders][Receive] > [Negative][Invalid request body]","","",""
"","7876","Create product with 3 character length in name","sales-portal-api","Wed Dec 31 13:46:27 UTC 2025","passed","Wed Dec 31 13:46:35 UTC 2025","[API][Products] > [Create product]","","",""
"","10032","Remove manager from order","sales-portal-api","Wed Dec 31 13:40:47 UTC 2025","passed","Wed Dec 31 13:40:57 UTC 2025","[API][Orders][Manager assignment flow] > Order in Draft status","","",""
"","49991","CSV => 1 option selected","sales-portal-ui","Wed Dec 31 13:52:13 UTC 2025","broken","Wed Dec 31 13:53:03 UTC 2025","[UI][Orders][Export]","","",""
"","3289","Update name with special characters — bad request","sales-portal-api","Wed Dec 31 13:40:22 UTC 2025","passed","Wed Dec 31 13:40:25 UTC 2025","[API][Customers] > [Should NOT update customer]","","",""
"","3063","Update street to valid format","sales-portal-api","Wed Dec 31 13:40:07 UTC 2025","passed","Wed Dec 31 13:40:10 UTC 2025","[API][Customers] > [Update customer]","","",""
"","13162","Update price to minimum (1)","sales-portal-api","Wed Dec 31 13:47:44 UTC 2025","passed","Wed Dec 31 13:47:57 UTC 2025","[API][Products] > [Update product]","","",""
"","1621","Missing condition field [1]","sales-portal-api","Wed Dec 31 13:42:41 UTC 2025","passed","Wed Dec 31 13:42:43 UTC 2025","[API][Orders][Delivery] > [Add Delivery Info] > [Should NOT add Delivery Info]","","",""
"","11978","Update price to maximum (99999)","sales-portal-api","Wed Dec 31 13:47:57 UTC 2025","passed","Wed Dec 31 13:48:09 UTC 2025","[API][Products] > [Update product]","","",""
"","20689","Reopen order on Reopen Confirmation modal","sales-portal-ui","Wed Dec 31 13:53:20 UTC 2025","passed","Wed Dec 31 13:53:40 UTC 2025","[UI][Orders][Modals]","","",""
"","8124","404 returned for empty id","sales-portal-api","Wed Dec 31 13:47:41 UTC 2025","failed","Wed Dec 31 13:47:49 UTC 2025","[API][Products] > [Should NOT find product to update]","","",""
"","26123","Create order with 1 product","sales-portal-ui","Wed Dec 31 13:50:13 UTC 2025","passed","Wed Dec 31 13:50:39 UTC 2025","[UI][Orders][Create Order]","","",""
"","2111","Negative amount product not created","sales-portal-api","Wed Dec 31 13:46:39 UTC 2025","passed","Wed Dec 31 13:46:41 UTC 2025","[API][Products] > [Should NOT create product]","","",""
"","3053","Update city to 20 characters","sales-portal-api","Wed Dec 31 13:40:25 UTC 2025","passed","Wed Dec 31 13:40:28 UTC 2025","[API][Customers] > [Update customer]","","",""
"","233","Invalid ID format rejected","sales-portal-api","Wed Dec 31 13:42:12 UTC 2025","passed","Wed Dec 31 13:42:12 UTC 2025","[API][Orders][Comment] > Not delete","","",""
"","3038","251 notes product not created","sales-portal-api","Wed Dec 31 13:46:34 UTC 2025","passed","Wed Dec 31 13:46:37 UTC 2025","[API][Products] > [Should NOT create product]","","",""
"","10126","Update manager to another manager","sales-portal-api","Wed Dec 31 13:40:36 UTC 2025","passed","Wed Dec 31 13:40:46 UTC 2025","[API][Orders][Manager assignment flow] > Order in Draft status","","",""
"","13252","CST-003: GET /api/customers?country Filter customers by France","sales-portal-api","Wed Dec 31 13:40:05 UTC 2025","passed","Wed Dec 31 13:40:18 UTC 2025","CST-003 Get customers list (Filter by Country)","","",""
"","10089","Update notes with < or > — bad request","sales-portal-api","Wed Dec 31 13:48:09 UTC 2025","passed","Wed Dec 31 13:48:19 UTC 2025","[API][Products] > [Should NOT update product]","","",""
"","18893","Processing order shows receiving controls","sales-portal-ui","Wed Dec 31 13:53:25 UTC 2025","passed","Wed Dec 31 13:53:44 UTC 2025","[UI][Orders][Processing]","","",""
"","1516","Create customer with 3 characters length in house","sales-portal-api","Wed Dec 31 13:39:50 UTC 2025","passed","Wed Dec 31 13:39:52 UTC 2025","[API][Customers][Create Customer] > Positive DDT","","",""
"","19780","Got notification on Draft to In Process status change","sales-portal-api","Wed Dec 31 13:42:53 UTC 2025","passed","Wed Dec 31 13:43:13 UTC 2025","[API][Orders][Notifications]","","",""
"","9896","Should NOT assign manager with non-existing managerId","sales-portal-api","Wed Dec 31 13:42:02 UTC 2025","passed","Wed Dec 31 13:42:12 UTC 2025","[API][Orders][Assign/Unassign Manager - Negative DDT] > Order in Draft status","","",""
"","10097","Update amount to minimum (0)","sales-portal-api","Wed Dec 31 13:48:09 UTC 2025","passed","Wed Dec 31 13:48:19 UTC 2025","[API][Products] > [Update product]","","",""
"","3173","Update house with negative number — bad request","sales-portal-api","Wed Dec 31 13:40:29 UTC 2025","passed","Wed Dec 31 13:40:32 UTC 2025","[API][Customers] > [Should NOT update customer]","","",""
"","309","CST-009: Delete customer (Invalid Id)","sales-portal-api","Wed Dec 31 13:39:52 UTC 2025","passed","Wed Dec 31 13:39:52 UTC 2025","CST-008/009 Delete customer","","",""
"","3089","Update name with 41 characters — bad request","sales-portal-api","Wed Dec 31 13:40:19 UTC 2025","passed","Wed Dec 31 13:40:22 UTC 2025","[API][Customers] > [Should NOT update customer]","","",""
"","20053","ORD-PUT-012: Cannot delete linked product/customer until order is deleted","sales-portal-api","Wed Dec 31 13:45:50 UTC 2025","passed","Wed Dec 31 13:46:11 UTC 2025","[API][Orders] > [Update order]","","",""
"","9168","Update price with non-integer — bad request","sales-portal-api","Wed Dec 31 13:47:15 UTC 2025","passed","Wed Dec 31 13:47:25 UTC 2025","[API][Products] > [Should NOT update product]","","",""
"","13719","Should NOT assign manager with non-existing managerId","sales-portal-api","Wed Dec 31 13:42:29 UTC 2025","passed","Wed Dec 31 13:42:43 UTC 2025","[API][Orders][Assign/Unassign Manager - Negative DDT] > Order in Received status","","",""
"","3149","Update email to valid format","sales-portal-api","Wed Dec 31 13:40:16 UTC 2025","passed","Wed Dec 31 13:40:19 UTC 2025","[API][Customers] > [Update customer]","","",""
"","13991","Assign manager to order","sales-portal-api","Wed Dec 31 13:41:25 UTC 2025","passed","Wed Dec 31 13:41:39 UTC 2025","[API][Orders][Manager assignment flow] > Order in Canceled status","","",""
"","8060","Should NOT update manager with non-existing managerId","sales-portal-api","Wed Dec 31 13:40:29 UTC 2025","passed","Wed Dec 31 13:40:37 UTC 2025","[API][Orders][Assign/Unassign Manager - Negative DDT] > Order in Draft status","","",""
"","1670","Create customer with 40 characters length in street","sales-portal-api","Wed Dec 31 13:39:44 UTC 2025","passed","Wed Dec 31 13:39:46 UTC 2025","[API][Customers][Create Customer] > Positive DDT","","",""
"","12099","Order status transition from Received to Draft","sales-portal-api","Wed Dec 31 13:43:51 UTC 2025","passed","Wed Dec 31 13:44:03 UTC 2025","[API][Orders][Negative Orders statuses transition]","","",""
"","39441","Should NOT receive products: Invalid product id: null string","sales-portal-api","Wed Dec 31 13:44:49 UTC 2025","passed","Wed Dec 31 13:45:28 UTC 2025","[API][Orders][Receive] > [Negative][Invalid request body]","","",""
"","10430","Should NOT unassign manager from order with non-existing orderId","sales-portal-api","Wed Dec 31 13:40:57 UTC 2025","passed","Wed Dec 31 13:41:07 UTC 2025","[API][Orders][Assign/Unassign Manager - Negative DDT] > Order in Draft status","","",""
"","7556","Should NOT open create order modal with products/all 401 error","sales-portal-ui","Wed Dec 31 13:49:28 UTC 2025","passed","Wed Dec 31 13:49:35 UTC 2025","[Integration] [Orders]","","",""
"","12140","Order status transition from Draft to In Process","sales-portal-api","Wed Dec 31 13:43:29 UTC 2025","passed","Wed Dec 31 13:43:42 UTC 2025","[API][Orders][Negative Orders statuses transition]","","",""
"","1596","Create customer with 10 characters length in phone","sales-portal-api","Wed Dec 31 13:39:49 UTC 2025","passed","Wed Dec 31 13:39:50 UTC 2025","[API][Customers][Create Customer] > Positive DDT","","",""
"","41084","JSON => all options selected","sales-portal-ui","Wed Dec 31 13:52:05 UTC 2025","broken","Wed Dec 31 13:52:46 UTC 2025","[UI][Orders][Export]","","",""
"","3222","404 returned for non-existing id of valid format","sales-portal-api","Wed Dec 31 13:40:25 UTC 2025","passed","Wed Dec 31 13:40:28 UTC 2025","[API][Customers] > [Should NOT find customer to update]","","",""
"","10489","Attempt to create duplicate product returns error","sales-portal-api","Wed Dec 31 13:46:39 UTC 2025","passed","Wed Dec 31 13:46:49 UTC 2025","[API][Products] > Should NOT create duplicate product","","",""
"","14702","Add short comment with multiple words","sales-portal-ui","Wed Dec 31 13:49:38 UTC 2025","passed","Wed Dec 31 13:49:52 UTC 2025","[UI][Orders][Comments] > Create","","",""
"","1914","2 character name product not created","sales-portal-api","Wed Dec 31 13:47:02 UTC 2025","passed","Wed Dec 31 13:47:03 UTC 2025","[API][Products] > [Should NOT create product]","","",""
"","16234","404 returned for non-existing product id","sales-portal-api","Wed Dec 31 13:46:05 UTC 2025","passed","Wed Dec 31 13:46:22 UTC 2025","[API][Orders] > [Should NOT update order]","","",""
"","225","Non-existing commentId rejected","sales-portal-api","Wed Dec 31 13:42:33 UTC 2025","passed","Wed Dec 31 13:42:33 UTC 2025","[API][Orders][Comment] > Not delete","","",""
"","3060","Update customer name to 1 character","sales-portal-api","Wed Dec 31 13:40:06 UTC 2025","passed","Wed Dec 31 13:40:09 UTC 2025","[API][Customers] > [Update customer]","","",""
"","18023","Add multiple comments to same order","sales-portal-ui","Wed Dec 31 13:49:57 UTC 2025","passed","Wed Dec 31 13:50:15 UTC 2025","[UI][Orders][Comments]","","",""
"","1733","Create customer with 40 characters length in name","sales-portal-api","Wed Dec 31 13:39:47 UTC 2025","passed","Wed Dec 31 13:39:49 UTC 2025","[API][Customers][Create Customer] > Positive DDT","","",""
"","15029","Add comment with numbers","sales-portal-ui","Wed Dec 31 13:49:44 UTC 2025","passed","Wed Dec 31 13:49:59 UTC 2025","[UI][Orders][Comments] > Create","","",""
"","12139","Order status transition from Draft with delivery to Canceled","sales-portal-api","Wed Dec 31 13:43:25 UTC 2025","passed","Wed Dec 31 13:43:37 UTC 2025","[API][Orders][Positive Orders statuses transition]","","",""
"","8642","Create order with product quantity = 1 (min)","sales-portal-api","Wed Dec 31 13:42:16 UTC 2025","passed","Wed Dec 31 13:42:25 UTC 2025","[API][Orders][Create Order] > Positive DDT","","",""
"","1626","Create customer with empty notes","sales-portal-api","Wed Dec 31 13:39:45 UTC 2025","passed","Wed Dec 31 13:39:46 UTC 2025","[API][Customers][Create Customer] > Positive DDT","","",""
"","13942","Comment with '>' symbol should show error","sales-portal-ui","Wed Dec 31 13:49:55 UTC 2025","passed","Wed Dec 31 13:50:09 UTC 2025","[UI][Orders][Comments] > Not create","","",""
"","592","Comment with '>' is rejected","sales-portal-api","Wed Dec 31 13:42:21 UTC 2025","failed","Wed Dec 31 13:42:22 UTC 2025","[API][Orders][Comment] > Not create","","",""
"","131","Invalid condition value [4]","sales-portal-api","Wed Dec 31 13:42:41 UTC 2025","passed","Wed Dec 31 13:42:41 UTC 2025","[API][Orders][Delivery] > [Add Delivery Info] > [Should NOT add Delivery Info]","","",""
"","16611","Cancel order on Cancel Confirmation modal","sales-portal-ui","Wed Dec 31 13:53:20 UTC 2025","passed","Wed Dec 31 13:53:36 UTC 2025","[UI][Orders][Modals]","","",""
"","10377","Update manager to another manager","sales-portal-api","Wed Dec 31 13:41:39 UTC 2025","passed","Wed Dec 31 13:41:50 UTC 2025","[API][Orders][Manager assignment flow] > Order in Canceled status","","",""
"","1870","Name with 2 spaces product not created","sales-portal-api","Wed Dec 31 13:46:30 UTC 2025","passed","Wed Dec 31 13:46:32 UTC 2025","[API][Products] > [Should NOT create product]","","",""
"","325","Without manufacturer product not created","sales-portal-api","Wed Dec 31 13:46:39 UTC 2025","passed","Wed Dec 31 13:46:39 UTC 2025","[API][Products] > [Should NOT create product]","","",""
"","426","Missing country in address [3]","sales-portal-api","Wed Dec 31 13:42:43 UTC 2025","passed","Wed Dec 31 13:42:44 UTC 2025","[API][Orders][Delivery] > [Add Delivery Info] > [Should NOT add Delivery Info]","","",""
"","391","Product without price not created","sales-portal-api","Wed Dec 31 13:46:35 UTC 2025","passed","Wed Dec 31 13:46:35 UTC 2025","[API][Products] > [Should NOT create product]","","",""
"","11494","Update notes to 250 characters","sales-portal-api","Wed Dec 31 13:47:22 UTC 2025","passed","Wed Dec 31 13:47:33 UTC 2025","[API][Products] > [Update product]","","",""
"","28568","Processing => Canceled after Refresh","sales-portal-ui","Wed Dec 31 13:54:46 UTC 2025","passed","Wed Dec 31 13:55:15 UTC 2025","[UI][Orders][Refresh]","","",""
"","1252","Delete existing comment","sales-portal-api","Wed Dec 31 13:42:27 UTC 2025","passed","Wed Dec 31 13:42:29 UTC 2025","[API][Orders][Comment] > Delete","","",""
"","9083","Should display mocked customers in customers dropdown","sales-portal-ui","Wed Dec 31 13:49:32 UTC 2025","passed","Wed Dec 31 13:49:41 UTC 2025","[Integration] [Orders]","","",""
"","35455","Should NOT receive products: Invalid product id: dummy string","sales-portal-api","Wed Dec 31 13:44:31 UTC 2025","passed","Wed Dec 31 13:45:07 UTC 2025","[API][Orders][Receive] > [Negative][Invalid request body]","","",""
"","15087","Should NOT unassign manager from order with non-existing orderId","sales-portal-api","Wed Dec 31 13:41:08 UTC 2025","passed","Wed Dec 31 13:41:23 UTC 2025","[API][Orders][Assign/Unassign Manager - Negative DDT] > Order in Received status","","",""
"","8316","Create product without notes","sales-portal-api","Wed Dec 31 13:46:43 UTC 2025","passed","Wed Dec 31 13:46:51 UTC 2025","[API][Products] > [Create product]","","",""
"","14635","Add comment with punctuation marks","sales-portal-ui","Wed Dec 31 13:49:40 UTC 2025","passed","Wed Dec 31 13:49:54 UTC 2025","[UI][Orders][Comments] > Create","","",""
"","188","404 returned for non-existing id of valid format","sales-portal-api","Wed Dec 31 13:47:08 UTC 2025","passed","Wed Dec 31 13:47:08 UTC 2025","[API] [Sales Portal] [Products] [Get By Id] > [Negative]","","",""
"","2995","Update city to 1 character","sales-portal-api","Wed Dec 31 13:40:22 UTC 2025","passed","Wed Dec 31 13:40:25 UTC 2025","[API][Customers] > [Update customer]","","",""
"","16193","400 returned for empty products array","sales-portal-api","Wed Dec 31 13:46:11 UTC 2025","passed","Wed Dec 31 13:46:27 UTC 2025","[API][Orders] > [Should NOT update order]","","",""
"","141","404 returned for non-existing id of valid format","sales-portal-api","Wed Dec 31 13:46:49 UTC 2025","passed","Wed Dec 31 13:46:49 UTC 2025","[API][Products] > [Should Not Delete Product]","","",""
"","153","404 returned for non-existing id of valid format","sales-portal-api","Wed Dec 31 13:39:52 UTC 2025","passed","Wed Dec 31 13:39:52 UTC 2025","[API] [Sales Portal] [Customers] [Get By Id] > [Negative]","","",""
"","13175","404 returned for non-existing order","sales-portal-api","Wed Dec 31 13:46:01 UTC 2025","passed","Wed Dec 31 13:46:15 UTC 2025","[API][Orders] > [Should NOT update order]","","",""
"","8097","Assign manager to order","sales-portal-api","Wed Dec 31 13:40:28 UTC 2025","passed","Wed Dec 31 13:40:36 UTC 2025","[API][Orders][Manager assignment flow] > Order in Draft status","","",""
"","657","Invalid date format [5]","sales-portal-api","Wed Dec 31 13:42:48 UTC 2025","passed","Wed Dec 31 13:42:49 UTC 2025","[API][Orders][Delivery] > [Add Delivery Info] > [Should NOT add Delivery Info]","","",""
"","288","Add 250-char comment","sales-portal-api","Wed Dec 31 13:42:05 UTC 2025","passed","Wed Dec 31 13:42:05 UTC 2025","[API][Orders][Comment] > Create","","",""
"","15931","Should NOT assign manager with non-existing managerId","sales-portal-api","Wed Dec 31 13:41:23 UTC 2025","passed","Wed Dec 31 13:41:39 UTC 2025","[API][Orders][Assign/Unassign Manager - Negative DDT] > Order in Canceled status","","",""
"","10091","Update with 41 character name — bad request","sales-portal-api","Wed Dec 31 13:47:13 UTC 2025","passed","Wed Dec 31 13:47:23 UTC 2025","[API][Products] > [Should NOT update product]","","",""
"","327","Product without name not created","sales-portal-api","Wed Dec 31 13:46:35 UTC 2025","passed","Wed Dec 31 13:46:35 UTC 2025","[API][Products] > [Should NOT create product]","","",""
"","16925","Remove manager from order","sales-portal-api","Wed Dec 31 13:41:22 UTC 2025","passed","Wed Dec 31 13:41:39 UTC 2025","[API][Orders][Manager assignment flow] > Order in In Process status","","",""
"","9167","Order status transition from Draft to undefined","sales-portal-api","Wed Dec 31 13:43:35 UTC 2025","passed","Wed Dec 31 13:43:45 UTC 2025","[API][Orders][Invalid Orders statuses]","","",""
"","22013","ORD-PUT-003: Order status is DRAFT after update","sales-portal-api","Wed Dec 31 13:45:39 UTC 2025","passed","Wed Dec 31 13:46:01 UTC 2025","[API][Orders] > [Update order]","","",""
"","3030","Update customer name to 40 characters","sales-portal-api","Wed Dec 31 13:40:09 UTC 2025","passed","Wed Dec 31 13:40:12 UTC 2025","[API][Customers] > [Update customer]","","",""
"","19214","Got notification on Draft to Canceled status change","sales-portal-api","Wed Dec 31 13:42:53 UTC 2025","passed","Wed Dec 31 13:43:12 UTC 2025","[API][Orders][Notifications]","","",""
"","11189","ORD-PUT-002: Successful update of customer in order","sales-portal-api","Wed Dec 31 13:45:28 UTC 2025","passed","Wed Dec 31 13:45:39 UTC 2025","[API][Orders] > [Update order]","","",""
"","13941","Create button is disabled for empty comment","sales-portal-ui","Wed Dec 31 13:49:59 UTC 2025","passed","Wed Dec 31 13:50:13 UTC 2025","[UI][Orders][Comments]","","",""
"","33790","Pickup: schedule with country = Great Britain","sales-portal-ui","Wed Dec 31 13:51:47 UTC 2025","passed","Wed Dec 31 13:52:21 UTC 2025","[Create/edit delivery] > DDT - Schedule first delivery (Pickup)","","",""
"","13185","ORD-PUT-013: PUT without changes does not add REQUIRED_PRODUCTS_CHANGED history entry","sales-portal-api","Wed Dec 31 13:46:01 UTC 2025","passed","Wed Dec 31 13:46:15 UTC 2025","[API][Orders] > [Update order]","","",""
"","8576","Should NOT open create order modal with no products","sales-portal-ui","Wed Dec 31 13:49:20 UTC 2025","passed","Wed Dec 31 13:49:29 UTC 2025","[Integration] [Orders]","","",""
"","11513","Order status transition from In Process to Canceled","sales-portal-api","Wed Dec 31 13:44:01 UTC 2025","passed","Wed Dec 31 13:44:12 UTC 2025","[API][Orders][Positive Orders statuses transition]","","",""
"","39454","Processing: receive 5 products (becomes Received)","sales-portal-api","Wed Dec 31 13:44:49 UTC 2025","passed","Wed Dec 31 13:45:28 UTC 2025","[API][Orders][Receive] > [Positive][Receive order]","","",""
"","1705","Create customer 250 characters length in notes","sales-portal-api","Wed Dec 31 13:39:47 UTC 2025","passed","Wed Dec 31 13:39:49 UTC 2025","[API][Customers][Create Customer] > Positive DDT","","",""
"","3112","Update flat number","sales-portal-api","Wed Dec 31 13:40:13 UTC 2025","passed","Wed Dec 31 13:40:16 UTC 2025","[API][Customers] > [Update customer]","","",""
"","242","Special characters in street [14]","sales-portal-api","Wed Dec 31 13:42:53 UTC 2025","passed","Wed Dec 31 13:42:53 UTC 2025","[API][Orders][Delivery] > [Add Delivery Info] > [Should NOT add Delivery Info]","","",""
"","27871","Processing: receive 3 products (becomes Partially Received)","sales-portal-api","Wed Dec 31 13:44:21 UTC 2025","passed","Wed Dec 31 13:44:48 UTC 2025","[API][Orders][Receive] > [Positive][Receive order]","","",""
"","8156","Create product with 99999 price","sales-portal-api","Wed Dec 31 13:46:55 UTC 2025","passed","Wed Dec 31 13:47:03 UTC 2025","[API][Products] > [Create product]","","",""
"","3070","Update house number","sales-portal-api","Wed Dec 31 13:40:10 UTC 2025","passed","Wed Dec 31 13:40:13 UTC 2025","[API][Customers] > [Update customer]","","",""
"","13782","Remove manager from order","sales-portal-api","Wed Dec 31 13:40:29 UTC 2025","passed","Wed Dec 31 13:40:42 UTC 2025","[API][Orders][Manager assignment flow] > Order in Partially Received status","","",""
"","1870","100000 price product not created","sales-portal-api","Wed Dec 31 13:46:33 UTC 2025","passed","Wed Dec 31 13:46:35 UTC 2025","[API][Products] > [Should NOT create product]","","",""
"","22799","Delete order with product quantity = 5 (max)","sales-portal-api","Wed Dec 31 13:42:25 UTC 2025","passed","Wed Dec 31 13:42:48 UTC 2025","[API][Orders][Delete Order]","","",""
"","13063","Order status transition from Canceled to Draft","sales-portal-api","Wed Dec 31 13:43:48 UTC 2025","passed","Wed Dec 31 13:44:01 UTC 2025","[API][Orders][Positive Orders statuses transition]","","",""
"","27312","Receive all products via select all","sales-portal-ui","Wed Dec 31 13:53:37 UTC 2025","passed","Wed Dec 31 13:54:04 UTC 2025","[UI][Orders][Receive All Products]","","",""
"","415","Empty comment ID is rejected","sales-portal-api","Wed Dec 31 13:42:16 UTC 2025","passed","Wed Dec 31 13:42:16 UTC 2025","[API][Orders][Comment] > Not delete","","",""
"","11430","Should NOT unassign manager from order with non-existing orderId","sales-portal-api","Wed Dec 31 13:40:43 UTC 2025","passed","Wed Dec 31 13:40:54 UTC 2025","[API][Orders][Assign/Unassign Manager - Negative DDT] > Order in In Process status","","",""
"","13439","Update manager to another manager","sales-portal-api","Wed Dec 31 13:40:55 UTC 2025","passed","Wed Dec 31 13:41:08 UTC 2025","[API][Orders][Manager assignment flow] > Order in Received status","","",""
